{
  "logreg_tuned": 0.6750916521569138,
  "rf_tuned": 0.5689683228439714,
  "svm_tuned": 0.7442250876522531
}