dataset,model_name,accuracy,precision,recall,f1,auc,cv_auc_mean,cv_auc_std
selected,logreg,0.8852459016393442,0.8620689655172413,0.8928571428571429,0.8771929824561403,0.9621212121212122,0.9084743758656803,0.0035695882098865125
selected,svm,0.8524590163934426,0.8518518518518519,0.8214285714285714,0.8363636363636363,0.948051948051948,0.8939951352994833,0.022279875284334335
selected,rf,0.8852459016393442,0.8387096774193549,0.9285714285714286,0.8813559322033898,0.9453463203463203,0.8857510444466966,0.027313475152802597
selected,dtree,0.7049180327868853,0.65625,0.75,0.7,0.7083333333333334,0.7109889305541479,0.051826147624168706
